micbnup,kdcrawc,kdcsoma,kdcsompr,kdcsomcr
1.202606,0.508619,0.234107,0.002610,0.000050
1.545538,0.49397,0.014622,0.003251,0.000036
1.448248,0.650197,0.568469,0.003083,0.000022
1.348196,0.967239,0.086005,0.003072,0.000043
1.034717,0.159833,0.071426,0.005763,0.000017	
